{
  "tables": [
    {
      "id": "H7sMW-K5TCnBPa1ypv5-l",
      "name": "filme",
      "x": -451.10341733169554,
      "y": 14.490010227203356,
      "locked": false,
      "fields": [
        {
          "name": "id",
          "type": "INTEGER",
          "default": "",
          "check": "",
          "primary": true,
          "unique": true,
          "notNull": true,
          "increment": true,
          "comment": "",
          "id": "e0r5Xjq5Cl4Av0iwIle2R"
        },
        {
          "id": "r13jmBHAiNs9eTCZO_jLw",
          "name": "titulo",
          "type": "VARCHAR",
          "default": "",
          "check": "",
          "primary": false,
          "unique": false,
          "notNull": true,
          "increment": false,
          "comment": "",
          "size": 255
        },
        {
          "id": "Kh2DfeBy3QMDx-cNxQew4",
          "name": "orcamento",
          "type": "DECIMAL",
          "default": "",
          "check": "",
          "primary": false,
          "unique": false,
          "notNull": true,
          "increment": false,
          "comment": ""
        },
        {
          "id": "tsUpBY9fbdxnmH14FugZQ",
          "name": "tempo_duracao",
          "type": "TIME",
          "default": "",
          "check": "",
          "primary": false,
          "unique": false,
          "notNull": true,
          "increment": false,
          "comment": "",
          "size": "",
          "values": []
        },
        {
          "id": "D0vVwgTG8XsFCr9M9Sc0G",
          "name": "ano",
          "type": "DATE",
          "default": "",
          "check": "",
          "primary": false,
          "unique": false,
          "notNull": true,
          "increment": false,
          "comment": "",
          "size": "",
          "values": []
        },
        {
          "id": "VCq6FPOv7cCWtVsFhWA9H",
          "name": "poster",
          "type": "TEXT",
          "default": "",
          "check": "",
          "primary": false,
          "unique": false,
          "notNull": false,
          "increment": false,
          "comment": "",
          "size": 65535,
          "values": []
        }
      ],
      "comment": "",
      "indices": [],
      "color": "#020203"
    },
    {
      "id": "w8Cc6OhVBxgzue8WTIFIy",
      "name": "genero",
      "x": 303.073182738112,
      "y": 34.44607558289351,
      "locked": false,
      "fields": [
        {
          "name": "id",
          "type": "INTEGER",
          "default": "",
          "check": "",
          "primary": true,
          "unique": true,
          "notNull": true,
          "increment": true,
          "comment": "",
          "id": "M0Ote31GNsClqVhpz9q-D"
        },
        {
          "id": "Y5BnREr33yF8qWlSaADp-",
          "name": "nome",
          "type": "VARCHAR",
          "default": "",
          "check": "",
          "primary": false,
          "unique": false,
          "notNull": true,
          "increment": false,
          "comment": "",
          "size": 255
        }
      ],
      "comment": "",
      "indices": [],
      "color": "#e3e01b"
    },
    {
      "id": "HSJOZpLD_GU8HsbtxbQTD",
      "name": "filme_genero",
      "x": -53.56345792557727,
      "y": 17.06487550678247,
      "locked": false,
      "fields": [
        {
          "name": "id",
          "type": "INTEGER",
          "default": "",
          "check": "",
          "primary": true,
          "unique": true,
          "notNull": true,
          "increment": true,
          "comment": "",
          "id": "mHQuDohq5CcJCpW6iR10U"
        },
        {
          "id": "1lkSxpeLTG29iB82gEEIC",
          "name": "id_filme",
          "type": "INTEGER",
          "default": "",
          "check": "",
          "primary": false,
          "unique": false,
          "notNull": true,
          "increment": false,
          "comment": "",
          "size": "",
          "values": []
        },
        {
          "id": "m69YixTFjhjoBxW41OEU3",
          "name": "id_genero",
          "type": "INTEGER",
          "default": "",
          "check": "",
          "primary": false,
          "unique": false,
          "notNull": true,
          "increment": false,
          "comment": "",
          "size": "",
          "values": []
        }
      ],
      "comment": "",
      "indices": [],
      "color": "#e3e01b"
    },
    {
      "id": "Xjzqd1Xsv_PS_nMJFc9Wh",
      "name": "filme_diretor",
      "x": -788.8517969349057,
      "y": -50.559346575014075,
      "locked": false,
      "fields": [
        {
          "name": "id",
          "type": "INTEGER",
          "default": "",
          "check": "",
          "primary": true,
          "unique": true,
          "notNull": true,
          "increment": true,
          "comment": "",
          "id": "oLAliiaf6DQEuieh2mGgE"
        },
        {
          "id": "s2fLrsK0-miysV3zd0R4f",
          "name": "id_filme",
          "type": "INTEGER",
          "default": "",
          "check": "",
          "primary": false,
          "unique": false,
          "notNull": true,
          "increment": false,
          "comment": "",
          "size": "",
          "values": []
        },
        {
          "id": "aCGhZMZ6NkW6Z8ALrftuC",
          "name": "id_diretor",
          "type": "INTEGER",
          "default": "",
          "check": "",
          "primary": false,
          "unique": false,
          "notNull": true,
          "increment": false,
          "comment": "",
          "size": "",
          "values": []
        }
      ],
      "comment": "",
      "indices": [],
      "color": "#175e7a"
    },
    {
      "id": "JXcGyrvTrzbMKpo4lLSVM",
      "name": "filme_ator",
      "x": -432.85403987623494,
      "y": -236.96998986033145,
      "locked": false,
      "fields": [
        {
          "name": "id",
          "type": "INTEGER",
          "default": "",
          "check": "",
          "primary": true,
          "unique": true,
          "notNull": true,
          "increment": true,
          "comment": "",
          "id": "vFby_TqukTVQ0GQtReEVd"
        },
        {
          "id": "-z86xUXkUhv_qbfIg7Pdp",
          "name": "id_filme",
          "type": "INTEGER",
          "default": "",
          "check": "",
          "primary": false,
          "unique": false,
          "notNull": true,
          "increment": false,
          "comment": "",
          "size": "",
          "values": []
        },
        {
          "id": "sIt1TMGQD0tqYFxhMgcwJ",
          "name": "id_ator",
          "type": "INTEGER",
          "default": "",
          "check": "",
          "primary": false,
          "unique": false,
          "notNull": true,
          "increment": false,
          "comment": "",
          "size": "",
          "values": []
        }
      ],
      "comment": "",
      "indices": [],
      "color": "#0ffa2a"
    },
    {
      "id": "wjgo43ofMQvowErs0Y1O7",
      "name": "filme_linguagem",
      "x": -160.1559617384816,
      "y": 290.4671039738074,
      "locked": false,
      "fields": [
        {
          "name": "id",
          "type": "INTEGER",
          "default": "",
          "check": "",
          "primary": true,
          "unique": true,
          "notNull": true,
          "increment": true,
          "comment": "",
          "id": "hszFHG-d-q3ZF2ZBu-rYr"
        },
        {
          "id": "ls7g1uvCZJO3_sotUTk-y",
          "name": "id_filme",
          "type": "INTEGER",
          "default": "",
          "check": "",
          "primary": false,
          "unique": false,
          "notNull": true,
          "increment": false,
          "comment": "",
          "size": "",
          "values": []
        },
        {
          "id": "p9xYhomkLmmRnVQH3ljoO",
          "name": "id_linguagem",
          "type": "INTEGER",
          "default": "",
          "check": "",
          "primary": false,
          "unique": false,
          "notNull": true,
          "increment": false,
          "comment": "",
          "size": "",
          "values": []
        }
      ],
      "comment": "",
      "indices": [],
      "color": "#ff9d0a"
    },
    {
      "id": "gnzCfgaRaQR78k9quop9F",
      "name": "filme_pais",
      "x": -61.79453386890788,
      "y": -316.6831234073532,
      "locked": false,
      "fields": [
        {
          "name": "id",
          "type": "INTEGER",
          "default": "",
          "check": "",
          "primary": true,
          "unique": true,
          "notNull": true,
          "increment": true,
          "comment": "",
          "id": "-1G7LYnTl13UWIR6QI1CM"
        },
        {
          "id": "6Yk_MYihJAAVvKWtSRMtO",
          "name": "id_filme",
          "type": "INTEGER",
          "default": "",
          "check": "",
          "primary": false,
          "unique": false,
          "notNull": true,
          "increment": false,
          "comment": "",
          "size": "",
          "values": []
        },
        {
          "id": "YIWPCek0bcdcJ_GR0mpgI",
          "name": "id_pais",
          "type": "INTEGER",
          "default": "",
          "check": "",
          "primary": false,
          "unique": false,
          "notNull": true,
          "increment": false,
          "comment": "",
          "size": "",
          "values": []
        }
      ],
      "comment": "",
      "indices": [],
      "color": "#4e0ffc"
    },
    {
      "id": "HdNVNRG38z0mwi3yQ2JGh",
      "name": "filme_produtora",
      "x": -759.1964471123672,
      "y": 205.2841625375787,
      "locked": false,
      "fields": [
        {
          "name": "id",
          "type": "INTEGER",
          "default": "",
          "check": "",
          "primary": true,
          "unique": true,
          "notNull": true,
          "increment": true,
          "comment": "",
          "id": "xDPVvBbj4eIyBmcqRU1w-"
        },
        {
          "id": "KR9BmWoPeqGpoaNDfbTdM",
          "name": "id_filme",
          "type": "INTEGER",
          "default": "",
          "check": "",
          "primary": false,
          "unique": false,
          "notNull": true,
          "increment": false,
          "comment": "",
          "size": "",
          "values": []
        },
        {
          "id": "Q8tUUxGi4YF_su4Drc2_C",
          "name": "id_produtora",
          "type": "INTEGER",
          "default": "",
          "check": "",
          "primary": false,
          "unique": false,
          "notNull": true,
          "increment": false,
          "comment": "",
          "size": "",
          "values": []
        }
      ],
      "comment": "",
      "indices": [],
      "color": "#12ffc4"
    },
    {
      "id": "QX2wLwf2IV1plua1vYS2w",
      "name": "ator",
      "x": -460.84114526505465,
      "y": -510.53039692375086,
      "locked": false,
      "fields": [
        {
          "name": "id",
          "type": "INTEGER",
          "default": "",
          "check": "",
          "primary": true,
          "unique": true,
          "notNull": true,
          "increment": true,
          "comment": "",
          "id": "tDKsq3yL5BjgMuKM-1KnV"
        },
        {
          "id": "_5mjbIJ86UhV9y-YUBa5u",
          "name": "nome",
          "type": "VARCHAR",
          "default": "",
          "check": "",
          "primary": false,
          "unique": false,
          "notNull": true,
          "increment": false,
          "comment": "",
          "size": 255
        },
        {
          "id": "DGLamt3A3_MqIEr52fdM8",
          "name": "sobrenome",
          "type": "VARCHAR",
          "default": "",
          "check": "",
          "primary": false,
          "unique": false,
          "notNull": true,
          "increment": false,
          "comment": "",
          "size": 255
        },
        {
          "id": "0qL7p_XTZV27Ijeol2Ki6",
          "name": "id_sexo",
          "type": "INTEGER",
          "default": "",
          "check": "",
          "primary": false,
          "unique": false,
          "notNull": true,
          "increment": false,
          "comment": "",
          "size": "",
          "values": []
        }
      ],
      "comment": "",
      "indices": [],
      "color": "#0ffa2a"
    },
    {
      "id": "S3PAenOU34DT-L9nooJq-",
      "name": "sexo",
      "x": -811.6792315291681,
      "y": -278.0518881058409,
      "locked": false,
      "fields": [
        {
          "name": "id",
          "type": "INTEGER",
          "default": "",
          "check": "",
          "primary": true,
          "unique": true,
          "notNull": true,
          "increment": true,
          "comment": "",
          "id": "gWlL15j2rPfw2-F2YLuNJ"
        },
        {
          "id": "1tY2AhjCf8NB5nDL_DTkJ",
          "name": "nome",
          "type": "VARCHAR",
          "default": "",
          "check": "",
          "primary": false,
          "unique": false,
          "notNull": true,
          "increment": false,
          "comment": "",
          "size": 255
        }
      ],
      "comment": "",
      "indices": [],
      "color": "#bb0cf5"
    },
    {
      "id": "2n2UkraOinyCY2hlHDjjH",
      "name": "diretor",
      "x": -1127.9896416594936,
      "y": -142.13495416463002,
      "locked": false,
      "fields": [
        {
          "name": "id",
          "type": "INTEGER",
          "default": "",
          "check": "",
          "primary": true,
          "unique": true,
          "notNull": true,
          "increment": true,
          "comment": "",
          "id": "q7izr5Jyq1SO9YcQgY7j_"
        },
        {
          "id": "xG_KCIZd9LkIBW4QXkV8q",
          "name": "nome",
          "type": "VARCHAR",
          "default": "",
          "check": "",
          "primary": false,
          "unique": false,
          "notNull": true,
          "increment": false,
          "comment": "",
          "size": 255
        },
        {
          "id": "cUNQKFhFA3sn4GkNTx82i",
          "name": "sobrenome",
          "type": "VARCHAR",
          "default": "",
          "check": "",
          "primary": false,
          "unique": false,
          "notNull": true,
          "increment": false,
          "comment": "",
          "size": 255
        },
        {
          "id": "i1MialWKL92d-zQmKAh_l",
          "name": "id_sexo",
          "type": "INTEGER",
          "default": "",
          "check": "",
          "primary": false,
          "unique": false,
          "notNull": true,
          "increment": false,
          "comment": "",
          "size": "",
          "values": []
        }
      ],
      "comment": "",
      "indices": [],
      "color": "#175e7a"
    },
    {
      "id": "27OE11HpDX8A70z_a3rZI",
      "name": "nacionalidade",
      "x": -842.5176729875923,
      "y": -724.0624316401021,
      "locked": false,
      "fields": [
        {
          "name": "id",
          "type": "INTEGER",
          "default": "",
          "check": "",
          "primary": true,
          "unique": true,
          "notNull": true,
          "increment": true,
          "comment": "",
          "id": "uwAuLA5wBxHO4W5U1PzDA"
        },
        {
          "id": "RRO5A_mmE34nh00MT5TCG",
          "name": "nome",
          "type": "VARCHAR",
          "default": "",
          "check": "",
          "primary": false,
          "unique": false,
          "notNull": true,
          "increment": false,
          "comment": "",
          "size": 255
        },
        {
          "id": "PS2umBTFK1dm7Y8kvduuc",
          "name": "id_pais",
          "type": "INTEGER",
          "default": "",
          "check": "",
          "primary": false,
          "unique": false,
          "notNull": true,
          "increment": false,
          "comment": "",
          "size": "",
          "values": []
        }
      ],
      "comment": "",
      "indices": [],
      "color": "#fa0c20"
    },
    {
      "id": "fjvbYUzY1lka_v3Xdd8zC",
      "name": "pais",
      "x": -109.97438046704806,
      "y": -641.9334125570684,
      "locked": false,
      "fields": [
        {
          "name": "id",
          "type": "INTEGER",
          "default": "",
          "check": "",
          "primary": true,
          "unique": true,
          "notNull": true,
          "increment": true,
          "comment": "",
          "id": "rkBcOij8vGe194k6nXpqb"
        },
        {
          "id": "5WQ2QNKAHVlNydzIAXBzv",
          "name": "nome",
          "type": "VARCHAR",
          "default": "",
          "check": "",
          "primary": false,
          "unique": false,
          "notNull": true,
          "increment": false,
          "comment": "",
          "size": 255
        }
      ],
      "comment": "",
      "indices": [],
      "color": "#4e0ffc"
    },
    {
      "id": "tr33PiFJlejsuHpa2F6kY",
      "name": "produtora",
      "x": -1068.4839632750745,
      "y": 197.2995117048702,
      "locked": false,
      "fields": [
        {
          "name": "id",
          "type": "INTEGER",
          "default": "",
          "check": "",
          "primary": true,
          "unique": true,
          "notNull": true,
          "increment": true,
          "comment": "",
          "id": "DmeKRhnLr5ryGZaI-aN5T"
        },
        {
          "id": "82QOU3aYM4R7--RCCQ4xq",
          "name": "nome",
          "type": "VARCHAR",
          "default": "",
          "check": "",
          "primary": false,
          "unique": false,
          "notNull": true,
          "increment": false,
          "comment": "",
          "size": 255
        }
      ],
      "comment": "",
      "indices": [],
      "color": "#12ffc4"
    },
    {
      "id": "12j9dHxe9cZ90iQ2i89t3",
      "name": "linguagem",
      "x": 183.44159694913787,
      "y": 296.6433309335478,
      "locked": false,
      "fields": [
        {
          "name": "id",
          "type": "INTEGER",
          "default": "",
          "check": "",
          "primary": true,
          "unique": true,
          "notNull": true,
          "increment": true,
          "comment": "",
          "id": "4zN3XwUqFvTHdHDOjMDrE"
        },
        {
          "id": "akKq0c8NlQXI7Md26oOlV",
          "name": "nome",
          "type": "VARCHAR",
          "default": "",
          "check": "",
          "primary": false,
          "unique": false,
          "notNull": true,
          "increment": false,
          "comment": "",
          "size": 255
        }
      ],
      "comment": "",
      "indices": [],
      "color": "#ff9d0a"
    },
    {
      "id": "HDkFnLeJWr0KYyVKgOUvi",
      "name": "ator_nacionalidade",
      "x": -853.4839506741118,
      "y": -483.46831918017506,
      "locked": false,
      "fields": [
        {
          "name": "id",
          "type": "INTEGER",
          "default": "",
          "check": "",
          "primary": true,
          "unique": true,
          "notNull": true,
          "increment": true,
          "comment": "",
          "id": "1nKNEY3ArnzsEuOvxBgpc"
        },
        {
          "id": "_m6R0i9tJdF4CE9sha0b-",
          "name": "id_ator",
          "type": "INTEGER",
          "default": "",
          "check": "",
          "primary": false,
          "unique": false,
          "notNull": true,
          "increment": false,
          "comment": "",
          "size": "",
          "values": []
        },
        {
          "id": "evgNPLqNA-HD0pOmZAg-s",
          "name": "id_nacionalidade",
          "type": "INTEGER",
          "default": "",
          "check": "",
          "primary": false,
          "unique": false,
          "notNull": true,
          "increment": false,
          "comment": "",
          "size": "",
          "values": []
        }
      ],
      "comment": "",
      "indices": [],
      "color": "#f72828"
    },
    {
      "id": "1e0X0fLuU4-deFWCj10SJ",
      "name": "diretor_nacionalidade",
      "x": -1381.386728264096,
      "y": -437.7638772213416,
      "locked": false,
      "fields": [
        {
          "name": "id",
          "type": "INTEGER",
          "default": "",
          "check": "",
          "primary": true,
          "unique": true,
          "notNull": true,
          "increment": true,
          "comment": "",
          "id": "UdI0dPgRK9pOBKSqyjJuC"
        },
        {
          "id": "_Sn9RXstBwUBWRWRdOxBa",
          "name": "id_diretor",
          "type": "INTEGER",
          "default": "",
          "check": "",
          "primary": false,
          "unique": false,
          "notNull": true,
          "increment": false,
          "comment": "",
          "size": "",
          "values": []
        },
        {
          "id": "W6CqT2KITtOW95xQbr7zT",
          "name": "id_nacionalidade",
          "type": "INTEGER",
          "default": "",
          "check": "",
          "primary": false,
          "unique": false,
          "notNull": true,
          "increment": false,
          "comment": "",
          "size": "",
          "values": []
        }
      ],
      "comment": "",
      "indices": [],
      "color": "#175e7a"
    }
  ],
  "relationships": [
    {
      "startTableId": "HSJOZpLD_GU8HsbtxbQTD",
      "startFieldId": "1lkSxpeLTG29iB82gEEIC",
      "endTableId": "H7sMW-K5TCnBPa1ypv5-l",
      "endFieldId": "e0r5Xjq5Cl4Av0iwIle2R",
      "cardinality": "many_to_one",
      "updateConstraint": "No action",
      "deleteConstraint": "No action",
      "name": "",
      "id": 0
    },
    {
      "startTableId": "w8Cc6OhVBxgzue8WTIFIy",
      "startFieldId": "M0Ote31GNsClqVhpz9q-D",
      "endTableId": "HSJOZpLD_GU8HsbtxbQTD",
      "endFieldId": "m69YixTFjhjoBxW41OEU3",
      "cardinality": "one_to_many",
      "updateConstraint": "No action",
      "deleteConstraint": "No action",
      "name": "",
      "id": 1
    },
    {
      "startTableId": "S3PAenOU34DT-L9nooJq-",
      "startFieldId": "gWlL15j2rPfw2-F2YLuNJ",
      "endTableId": "QX2wLwf2IV1plua1vYS2w",
      "endFieldId": "0qL7p_XTZV27Ijeol2Ki6",
      "cardinality": "one_to_many",
      "updateConstraint": "No action",
      "deleteConstraint": "No action",
      "name": "",
      "id": 2
    },
    {
      "startTableId": "H7sMW-K5TCnBPa1ypv5-l",
      "startFieldId": "e0r5Xjq5Cl4Av0iwIle2R",
      "endTableId": "JXcGyrvTrzbMKpo4lLSVM",
      "endFieldId": "-z86xUXkUhv_qbfIg7Pdp",
      "cardinality": "one_to_many",
      "updateConstraint": "No action",
      "deleteConstraint": "No action",
      "name": "",
      "id": 3
    },
    {
      "startTableId": "QX2wLwf2IV1plua1vYS2w",
      "startFieldId": "tDKsq3yL5BjgMuKM-1KnV",
      "endTableId": "JXcGyrvTrzbMKpo4lLSVM",
      "endFieldId": "sIt1TMGQD0tqYFxhMgcwJ",
      "cardinality": "one_to_many",
      "updateConstraint": "No action",
      "deleteConstraint": "No action",
      "name": "",
      "id": 4
    },
    {
      "startTableId": "H7sMW-K5TCnBPa1ypv5-l",
      "startFieldId": "e0r5Xjq5Cl4Av0iwIle2R",
      "endTableId": "Xjzqd1Xsv_PS_nMJFc9Wh",
      "endFieldId": "s2fLrsK0-miysV3zd0R4f",
      "cardinality": "one_to_many",
      "updateConstraint": "No action",
      "deleteConstraint": "No action",
      "name": "",
      "id": 5
    },
    {
      "startTableId": "fjvbYUzY1lka_v3Xdd8zC",
      "startFieldId": "rkBcOij8vGe194k6nXpqb",
      "endTableId": "gnzCfgaRaQR78k9quop9F",
      "endFieldId": "-1G7LYnTl13UWIR6QI1CM",
      "cardinality": "one_to_one",
      "updateConstraint": "No action",
      "deleteConstraint": "No action",
      "name": "",
      "id": 6
    },
    {
      "startTableId": "H7sMW-K5TCnBPa1ypv5-l",
      "startFieldId": "e0r5Xjq5Cl4Av0iwIle2R",
      "endTableId": "gnzCfgaRaQR78k9quop9F",
      "endFieldId": "YIWPCek0bcdcJ_GR0mpgI",
      "cardinality": "one_to_many",
      "updateConstraint": "No action",
      "deleteConstraint": "No action",
      "name": "",
      "id": 7
    },
    {
      "startTableId": "27OE11HpDX8A70z_a3rZI",
      "startFieldId": "PS2umBTFK1dm7Y8kvduuc",
      "endTableId": "fjvbYUzY1lka_v3Xdd8zC",
      "endFieldId": "rkBcOij8vGe194k6nXpqb",
      "cardinality": "one_to_one",
      "updateConstraint": "No action",
      "deleteConstraint": "No action",
      "name": "",
      "id": 8
    },
    {
      "startTableId": "H7sMW-K5TCnBPa1ypv5-l",
      "startFieldId": "e0r5Xjq5Cl4Av0iwIle2R",
      "endTableId": "HdNVNRG38z0mwi3yQ2JGh",
      "endFieldId": "KR9BmWoPeqGpoaNDfbTdM",
      "cardinality": "one_to_many",
      "updateConstraint": "No action",
      "deleteConstraint": "No action",
      "name": "",
      "id": 9
    },
    {
      "startTableId": "tr33PiFJlejsuHpa2F6kY",
      "startFieldId": "DmeKRhnLr5ryGZaI-aN5T",
      "endTableId": "HdNVNRG38z0mwi3yQ2JGh",
      "endFieldId": "Q8tUUxGi4YF_su4Drc2_C",
      "cardinality": "one_to_many",
      "updateConstraint": "No action",
      "deleteConstraint": "No action",
      "name": "",
      "id": 10
    },
    {
      "startTableId": "12j9dHxe9cZ90iQ2i89t3",
      "startFieldId": "4zN3XwUqFvTHdHDOjMDrE",
      "endTableId": "wjgo43ofMQvowErs0Y1O7",
      "endFieldId": "p9xYhomkLmmRnVQH3ljoO",
      "cardinality": "one_to_many",
      "updateConstraint": "No action",
      "deleteConstraint": "No action",
      "name": "",
      "id": 11
    },
    {
      "startTableId": "H7sMW-K5TCnBPa1ypv5-l",
      "startFieldId": "e0r5Xjq5Cl4Av0iwIle2R",
      "endTableId": "wjgo43ofMQvowErs0Y1O7",
      "endFieldId": "ls7g1uvCZJO3_sotUTk-y",
      "cardinality": "one_to_many",
      "updateConstraint": "No action",
      "deleteConstraint": "No action",
      "name": "",
      "id": 12
    },
    {
      "startTableId": "2n2UkraOinyCY2hlHDjjH",
      "startFieldId": "q7izr5Jyq1SO9YcQgY7j_",
      "endTableId": "Xjzqd1Xsv_PS_nMJFc9Wh",
      "endFieldId": "aCGhZMZ6NkW6Z8ALrftuC",
      "cardinality": "one_to_many",
      "updateConstraint": "No action",
      "deleteConstraint": "No action",
      "name": "",
      "id": 13
    },
    {
      "startTableId": "S3PAenOU34DT-L9nooJq-",
      "startFieldId": "gWlL15j2rPfw2-F2YLuNJ",
      "endTableId": "2n2UkraOinyCY2hlHDjjH",
      "endFieldId": "i1MialWKL92d-zQmKAh_l",
      "cardinality": "one_to_many",
      "updateConstraint": "No action",
      "deleteConstraint": "No action",
      "name": "",
      "id": 14
    },
    {
      "startTableId": "2n2UkraOinyCY2hlHDjjH",
      "startFieldId": "q7izr5Jyq1SO9YcQgY7j_",
      "endTableId": "1e0X0fLuU4-deFWCj10SJ",
      "endFieldId": "_Sn9RXstBwUBWRWRdOxBa",
      "cardinality": "one_to_many",
      "updateConstraint": "No action",
      "deleteConstraint": "No action",
      "name": "",
      "id": 15
    },
    {
      "startTableId": "27OE11HpDX8A70z_a3rZI",
      "startFieldId": "uwAuLA5wBxHO4W5U1PzDA",
      "endTableId": "1e0X0fLuU4-deFWCj10SJ",
      "endFieldId": "W6CqT2KITtOW95xQbr7zT",
      "cardinality": "one_to_many",
      "updateConstraint": "No action",
      "deleteConstraint": "No action",
      "name": "",
      "id": 16
    },
    {
      "startTableId": "27OE11HpDX8A70z_a3rZI",
      "startFieldId": "uwAuLA5wBxHO4W5U1PzDA",
      "endTableId": "HDkFnLeJWr0KYyVKgOUvi",
      "endFieldId": "evgNPLqNA-HD0pOmZAg-s",
      "cardinality": "one_to_many",
      "updateConstraint": "No action",
      "deleteConstraint": "No action",
      "name": "",
      "id": 17
    },
    {
      "startTableId": "QX2wLwf2IV1plua1vYS2w",
      "startFieldId": "tDKsq3yL5BjgMuKM-1KnV",
      "endTableId": "HDkFnLeJWr0KYyVKgOUvi",
      "endFieldId": "_m6R0i9tJdF4CE9sha0b-",
      "cardinality": "one_to_many",
      "updateConstraint": "No action",
      "deleteConstraint": "No action",
      "name": "",
      "id": 18
    }
  ],
  "notes": [],
  "subjectAreas": [],
  "database": "mysql",
  "title": "Filmes"
}