[
    {
        "id": 1,
        "titulo": "F2",
        "orcamento": 1000000000000000.0,
        "tempoDuracao": 123,
        "ano": 2025,
        "poster": "https://tse2.mm.bing.net/th/id/OIP.yrTYgG6UCawpNtuupZwPRAHaK-?cb=12&rs=1&pid=ImgDetMain&o=7&rm=3"
    },
    {
        "id": 2,
        "titulo": "F1",
        "orcamento": 1000000000000000.0,
        "tempoDuracao": 123,
        "ano": 2025,
        "poster": "https://tse2.mm.bing.net/th/id/OIP.yrTYgG6UCawpNtuupZwPRAHaK-?cb=12&rs=1&pid=ImgDetMain&o=7&rm=3"
    }
]